Hostname,IP Address,Utilization in %,Total ports,Total up
Pod2-Border-1,172.17.16.9,11.627906976744185%,43,5
Pod2-Border-2,172.17.16.10,11.627906976744185%,43,5
Pod2-Edge-1,172.17.16.11,7.462686567164179%,67,5
Pod2-Edge-2,172.17.16.12,11.627906976744185%,43,5
